"decision_id","fecha","etapa","tema","decision","alternativas_consideradas","justificacion","responsable","impacto","observaciones"
"DEL-001","2026-10-07","Etapa 1 — Delimitación","Propósito de la delimitación","Propósito y condiciones de cierre de la Etapa 1.","","","equipo investigador","Delimitación v1.0 — Propósito de la delimitación","Aprobada. Texto completo y razonamiento: ../01_delimitacion/delimitacion.qmd, sección «Propósito de la delimitación». Alternativas y justificación adicional no suministradas; campos vacíos sin inferencias. Taxonomía preliminar v0 y criterios conceptuales preliminares según corresponda."
"DEL-002","2026-10-07","Etapa 1 — Delimitación","Definición de MiPyme","Definición operacional contextual de MiPyme y reglas para clasificaciones declaradas, tamaños mixtos e información insuficiente.","","","equipo investigador","Delimitación v1.0 — Definición de MiPyme","Aprobada. Texto completo y razonamiento: ../01_delimitacion/delimitacion.qmd, sección «Definición de MiPyme». Alternativas y justificación adicional no suministradas; campos vacíos sin inferencias. Taxonomía preliminar v0 y criterios conceptuales preliminares según corresponda."
"DEL-003","2026-10-07","Etapa 1 — Delimitación","Delimitación del sector manufacturero","Manufactura con referencia general a Sección C de ISIC/CIIU y equivalentes nacionales; todos los subsectores y reglas de evidencia mixta.","","","equipo investigador","Delimitación v1.0 — Delimitación del sector manufacturero","Aprobada. Texto completo y razonamiento: ../01_delimitacion/delimitacion.qmd, sección «Delimitación del sector manufacturero». Alternativas y justificación adicional no suministradas; campos vacíos sin inferencias. Taxonomía preliminar v0 y criterios conceptuales preliminares según corresponda."
"DEL-004","2026-10-07","Etapa 1 — Delimitación","Delimitación del nivel estratégico","Definición estratégica y características; horizonte como indicio y prevalencia de la definición analítica.","","","equipo investigador","Delimitación v1.0 — Delimitación del nivel estratégico","Aprobada. Texto completo y razonamiento: ../01_delimitacion/delimitacion.qmd, sección «Delimitación del nivel estratégico». Alternativas y justificación adicional no suministradas; campos vacíos sin inferencias. Taxonomía preliminar v0 y criterios conceptuales preliminares según corresponda."
"DEL-005","2026-10-07","Etapa 1 — Delimitación","Familias preliminares de decisiones estratégicas de operaciones","Siete familias estructurales e infraestructurales como taxonomía preliminar v0; familia según objeto y dimensiones transversales diferenciadas.","","","equipo investigador","Delimitación v1.0 — Familias preliminares de decisiones estratégicas de operaciones","Aprobada. Texto completo y razonamiento: ../01_delimitacion/delimitacion.qmd, sección «Familias preliminares de decisiones estratégicas de operaciones». Alternativas y justificación adicional no suministradas; campos vacíos sin inferencias. Taxonomía preliminar v0 y criterios conceptuales preliminares según corresponda."
"DEL-006","2026-10-07","Etapa 1 — Delimitación","Frontera con decisiones tácticas","Estratégico: configurar; táctico: planificar y asignar; evidencia estratégica identificable y extracción prioritaria.","","","equipo investigador","Delimitación v1.0 — Frontera con decisiones tácticas","Aprobada. Texto completo y razonamiento: ../01_delimitacion/delimitacion.qmd, sección «Frontera con decisiones tácticas». Alternativas y justificación adicional no suministradas; campos vacíos sin inferencias. Taxonomía preliminar v0 y criterios conceptuales preliminares según corresponda."
"DEL-007","2026-10-07","Etapa 1 — Delimitación","Frontera con decisiones operativas","Operativo: ejecutar y controlar; reglas sobre frecuencia, efectos duraderos, mejora incremental y niveles mixtos.","","","equipo investigador","Delimitación v1.0 — Frontera con decisiones operativas","Aprobada. Texto completo y razonamiento: ../01_delimitacion/delimitacion.qmd, sección «Frontera con decisiones operativas». Alternativas y justificación adicional no suministradas; campos vacíos sin inferencias. Taxonomía preliminar v0 y criterios conceptuales preliminares según corresponda."
"DEL-008","2026-10-07","Etapa 1 — Delimitación","Casos ambiguos o fronterizos","Reglas para casos ambiguos; uncertain y revisión humana; discusión de dos revisores y adjudicación por tercero si persiste el desacuerdo.","","","equipo investigador","Delimitación v1.0 — Casos ambiguos o fronterizos","Aprobada. Texto completo y razonamiento: ../01_delimitacion/delimitacion.qmd, sección «Casos ambiguos o fronterizos». Alternativas y justificación adicional no suministradas; campos vacíos sin inferencias. Taxonomía preliminar v0 y criterios conceptuales preliminares según corresponda."
"DEL-009","2026-10-07","Etapa 1 — Delimitación","Criterios conceptuales preliminares de inclusión","Criterios conceptuales preliminares de inclusión; información relevante identificable y sin obligación de resultados cuantitativos.","","","equipo investigador","Delimitación v1.0 — Criterios conceptuales preliminares de inclusión","Aprobada. Texto completo y razonamiento: ../01_delimitacion/delimitacion.qmd, sección «Criterios conceptuales preliminares de inclusión». Alternativas y justificación adicional no suministradas; campos vacíos sin inferencias. Taxonomía preliminar v0 y criterios conceptuales preliminares según corresponda."
"DEL-010","2026-10-07","Etapa 1 — Delimitación","Criterios conceptuales preliminares de exclusión","Criterios conceptuales preliminares de exclusión; no constituyen elegibilidad definitiva.","","","equipo investigador","Delimitación v1.0 — Criterios conceptuales preliminares de exclusión","Aprobada. Texto completo y razonamiento: ../01_delimitacion/delimitacion.qmd, sección «Criterios conceptuales preliminares de exclusión». Alternativas y justificación adicional no suministradas; campos vacíos sin inferencias. Taxonomía preliminar v0 y criterios conceptuales preliminares según corresponda."
"DEL-011","2026-10-07","Etapa 1 — Delimitación","Alcance geográfico","Alcance mundial; registro posterior de ubicación y conservación de contextos multinacionales identificables.","","","equipo investigador","Delimitación v1.0 — Alcance geográfico","Aprobada. Texto completo y razonamiento: ../01_delimitacion/delimitacion.qmd, sección «Alcance geográfico». Alternativas y justificación adicional no suministradas; campos vacíos sin inferencias. Taxonomía preliminar v0 y criterios conceptuales preliminares según corresponda."
"DEL-012","2026-10-07","Etapa 1 — Delimitación","Alcance temporal","Sin límite inferior inicial de publicación; límite superior en fecha final de ejecución de búsqueda; cambios posteriores documentados.","","","equipo investigador","Delimitación v1.0 — Alcance temporal","Aprobada. Texto completo y razonamiento: ../01_delimitacion/delimitacion.qmd, sección «Alcance temporal». Alternativas y justificación adicional no suministradas; campos vacíos sin inferencias. Taxonomía preliminar v0 y criterios conceptuales preliminares según corresponda."
"DEL-013","2026-10-07","Etapa 1 — Delimitación","Tipos de organizaciones incluidas","Tipos organizacionales según reglas aprobadas; unidad manufacturera operativa clasificable como MiPyme y decisiones estratégicas de operaciones.","","","equipo investigador","Delimitación v1.0 — Tipos de organizaciones incluidas","Aprobada. Texto completo y razonamiento: ../01_delimitacion/delimitacion.qmd, sección «Tipos de organizaciones incluidas». Alternativas y justificación adicional no suministradas; campos vacíos sin inferencias. Taxonomía preliminar v0 y criterios conceptuales preliminares según corresponda."
"DEL-014","2026-10-07","Etapa 1 — Delimitación","Definición de MiPyme","Jerarquía de fuentes para clasificar MiPymes y documentación de la definición utilizada.","","","equipo investigador","Delimitación v1.0 — Definición de MiPyme","Aprobada. Texto completo y razonamiento: ../01_delimitacion/delimitacion.qmd, sección «Definición de MiPyme». Alternativas y justificación adicional no suministradas; campos vacíos sin inferencias. Taxonomía preliminar v0 y criterios conceptuales preliminares según corresponda."
"DEL-015","2026-10-07","Etapa 1 — Delimitación","Familias preliminares de decisiones estratégicas de operaciones","Familia primaria según objeto principal; etiquetas secundarias o transversales; registro y refinamiento de solapamientos.","","","equipo investigador","Delimitación v1.0 — Familias preliminares de decisiones estratégicas de operaciones","Aprobada. Texto completo y razonamiento: ../01_delimitacion/delimitacion.qmd, sección «Familias preliminares de decisiones estratégicas de operaciones». Alternativas y justificación adicional no suministradas; campos vacíos sin inferencias. Taxonomía preliminar v0 y criterios conceptuales preliminares según corresponda."
"DEL-016","2026-10-07","Etapa 1 — Delimitación","Frontera con decisiones tácticas","Información necesaria para distinguir estratégico y táctico; uncertain y revisión humana cuando no sea suficiente.","","","equipo investigador","Delimitación v1.0 — Frontera con decisiones tácticas","Aprobada. Texto completo y razonamiento: ../01_delimitacion/delimitacion.qmd, sección «Frontera con decisiones tácticas». Alternativas y justificación adicional no suministradas; campos vacíos sin inferencias. Taxonomía preliminar v0 y criterios conceptuales preliminares según corresponda."
"DEL-017","2026-10-07","Etapa 1 — Delimitación","Frontera con decisiones operativas","Relación identificable entre decisión estratégica y resultado operativo; registro de naturaleza y fortaleza durante extracción.","","","equipo investigador","Delimitación v1.0 — Frontera con decisiones operativas","Aprobada. Texto completo y razonamiento: ../01_delimitacion/delimitacion.qmd, sección «Frontera con decisiones operativas». Alternativas y justificación adicional no suministradas; campos vacíos sin inferencias. Taxonomía preliminar v0 y criterios conceptuales preliminares según corresponda."
"DEL-018","2026-10-07","Etapa 1 — Delimitación","Casos ambiguos o fronterizos","Registro abierto de casos fronterizos y control de cambios del protocolo cuando se modifique una regla.","","","equipo investigador","Delimitación v1.0 — Casos ambiguos o fronterizos","Aprobada. Texto completo y razonamiento: ../01_delimitacion/delimitacion.qmd, sección «Casos ambiguos o fronterizos». Alternativas y justificación adicional no suministradas; campos vacíos sin inferencias. Taxonomía preliminar v0 y criterios conceptuales preliminares según corresponda."
"DEL-019","2026-10-07","Etapa 1 — Delimitación","Criterios conceptuales preliminares de inclusión","MiPyme AND Manufactura AND Decisión estratégica de operaciones; tres criterios obligatorios e información relevante; uncertain ante insuficiencia.","","","equipo investigador","Delimitación v1.0 — Criterios conceptuales preliminares de inclusión","Aprobada. Texto completo y razonamiento: ../01_delimitacion/delimitacion.qmd, sección «Criterios conceptuales preliminares de inclusión». Alternativas y justificación adicional no suministradas; campos vacíos sin inferencias. Taxonomía preliminar v0 y criterios conceptuales preliminares según corresponda."
"DEL-020","2026-10-07","Etapa 1 — Delimitación","Criterios conceptuales preliminares de exclusión","Exclusión solo con evidencia suficiente de incumplimiento; revisión conceptual sin contradicciones que impidan el cierre.","","","equipo investigador","Delimitación v1.0 — Criterios conceptuales preliminares de exclusión","Aprobada. Texto completo y razonamiento: ../01_delimitacion/delimitacion.qmd, sección «Criterios conceptuales preliminares de exclusión». Alternativas y justificación adicional no suministradas; campos vacíos sin inferencias. Taxonomía preliminar v0 y criterios conceptuales preliminares según corresponda."
"DEL-021","2026-10-07","Etapa 1 — Delimitación","Alcance geográfico","Ausencia de ubicación no excluye; not_reported, unknown o equivalente normalizado.","","","equipo investigador","Delimitación v1.0 — Alcance geográfico","Aprobada. Texto completo y razonamiento: ../01_delimitacion/delimitacion.qmd, sección «Alcance geográfico». Alternativas y justificación adicional no suministradas; campos vacíos sin inferencias. Taxonomía preliminar v0 y criterios conceptuales preliminares según corresponda."
"DEL-022","2026-10-07","Etapa 1 — Delimitación","Alcance temporal","Verificar fechas con metadatos disponibles; not_reported si siguen desconocidas; revisión humana solo si afecta límite temporal.","","","equipo investigador","Delimitación v1.0 — Alcance temporal","Aprobada. Texto completo y razonamiento: ../01_delimitacion/delimitacion.qmd, sección «Alcance temporal». Alternativas y justificación adicional no suministradas; campos vacíos sin inferencias. Taxonomía preliminar v0 y criterios conceptuales preliminares según corresponda."
"DEL-023","2026-10-07","Etapa 1 — Delimitación","Tipos de organizaciones incluidas","Sin requisitos organizacionales adicionales; variables descriptivas durante extracción cuando estén disponibles.","","","equipo investigador","Delimitación v1.0 — Tipos de organizaciones incluidas","Aprobada. Texto completo y razonamiento: ../01_delimitacion/delimitacion.qmd, sección «Tipos de organizaciones incluidas». Alternativas y justificación adicional no suministradas; campos vacíos sin inferencias. Taxonomía preliminar v0 y criterios conceptuales preliminares según corresponda."
"DEL-024","2026-10-07","Etapa 1 — Delimitación","Preguntas pendientes de decisión humana","Sin pendientes conceptuales bloqueantes; gestión de futuros casos y prioridades conforme al acuerdo aprobado.","","","equipo investigador","Delimitación v1.0 — Preguntas pendientes de decisión humana","Aprobada. Texto completo y razonamiento: ../01_delimitacion/delimitacion.qmd, sección «Preguntas pendientes de decisión humana». Alternativas y justificación adicional no suministradas; campos vacíos sin inferencias. Taxonomía preliminar v0 y criterios conceptuales preliminares según corresponda."
